English,Spanish
that,que
of,de
not,no
to,a
the,la
the,el
is,es
and,y
in,en
it,lo
a,un
by,por
what,qué
me,me
a,una
you,te
the,los
is,se
with,con
to,para
my,mi
is,está
if,si
well,bien
but,pero
I,yo
that,eso
the,las
yes,sí
its,su
your,tu
here,aquí
of,del
to the,al
as,como
you,le
more,más
this,esto
already,ya
all,todo
this,esta
we,vamos
very,muy
there,hay
now,ahora
something,algo
am,estoy
I have,tengo
us,nos
you,tú
nothing,nada
when,cuando
has,ha
this,este
I,sé
are,estás
so,así
I can,puedo
how,cómo
I,quiero
only,sólo
am,soy
you have,tiene
thanks,gracias
or,o
he,él
good,bueno
was,fue
be,ser
do,hacer
are,son
all,todos
era,era
you are,eres
time,vez
you have,tienes
I,creo
it,ella
I,he
that,ese
I,voy
can,puede
know,sabes
hello,hola
their,sus
because,porque
god,dios
who,quién
never,nunca
where,dónde
you,quieres
home,casa
favor,favor
that,esa
two,dos
so,tan
Mr.,señor
time,tiempo
truth,verdad
was,estaba
better,mejor
are,están
will,va
man,hombre
you,usted
much,mucho
ago,hace
then,entonces
Sorry,siento
we,tenemos
can,puedes
there,ahí
you,ti
life,vida
see,ver
someone,alguien
sr,sr
to,hasta
without,sin
me,mí
single,solo
years old,años
on,sobre
say,decir
one,uno
always,siempre
oh,oh
go,ir
stuff,cosas
also,también
before,antes
have,has
or,ni
I,mis
day,día
be,estar
we,estamos
night,noche
no one,nadie
other,otra
want,quiere
seems,parece
we,nosotros
little,poco
father,padre
work,trabajo
people,gente
sight,mira
you,vas
is,sea
them,les
where,donde
same,mismo
done,hecho
they,ellos
said,dijo
pass,pasa
money,dinero
son,hijo
such,tal
other,otro
talk,hablar
insurance,seguro
clear,claro
these,estas
place,lugar
world,mundo
friend,amigo
waiting,espera
shit,mierda
have,han
your,tus
know,sabe
after,después
time,momento
from,desde
out,fuera
thing,cosa
type,tipo
morning,mañana
we,podemos
I,dije
great,gran
need,necesito
state,estado
could,podría
agreement,acuerdo
dad,papá
have,tener
says,dice
mine,mío
think,crees
good,buena
like,gusta
our,nuestro
new,nuevo
will,será
by,haciendo
days,días
name,nombre
good,buen
had,había
are,ven
three,tres
less,menos
should,debe
had,tenía
wrong,mal
me,conmigo
mother,madre
today,hoy
who,quien
been,sido
mom,mamá
have,tienen
then,luego
all,todas
there,allí
all,toda
time,hora
woman,mujer
viewed,visto
do,haces
matter,importa
with you,contigo
see,ve
afternoon,tarde
hear,oye
part,parte
have,haber
men,hombres
problem,problema
more,mas
know,saber
would,quería
still,aún
times,veces
our,nuestra
do,hacerlo
each,cada
did,hizo
I,veo
so,tanto
reason,razón
you,ustedes
idea,idea
those,esos
will,van
perhaps,quizá
I,debo
any,alguna
certain,cierto
you,ud
dead,muerto
about,unos
these,estos
leave,salir
police,policía
really,realmente
too,demasiado
family,familia
can,pueden
head,cabeza
we,hemos
friends,amigos
girl,chica
love,cariño
side,lado
there,allá
between,entre
minutes,minutos
say,digo
some,algún
serious,serio
care,cuidado
spent,pasó
good,buenas
we,somos
love,amor
door,puerta
see,ves
go,vaya
ah,ah
luck,suerte
eh,eh
fast,rápido
account,cuenta
perhaps,quizás
io,io
those,esas
for,pues
last,pasado
I,pensé
still,todavía
brother,hermano
you,debes
almost,casi
form,forma
here,aqui
boy,chico
ok,ok
that,dicho
new,nueva
knew,sabía
many,muchas
in,dentro
I,hice
against,contra
car,auto
road,camino
help,ayuda
first,primera
to,hacia
vi,vi
fear,miedo
goodbye,adiós
first,primero
should,debería
power,poder
children,niños
would,sería
history,historia
hey,hey
as,mientras
city,ciudad
said,dijiste
I hope,espero
how,cuánto
wife,esposa
soon,pronto
boys,chicos
any,cualquier
old,viejo
we,debemos
leaves,deja
year,año
death,muerte
talking,hablando
hands,manos
gives,da
crazy,loco
problems,problemas
hand,mano
war,guerra
week,semana
pass,pasar
voucher,vale
which,cuál
is,viene
return,volver
take,toma
case,caso
water,agua
will,haré
go,vete
I understand,entiendo
hours,horas
people,personas
captain,capitán
forward,adelante
child,niño
ready,listo
nights,noches
good,buenos
was,iba
together,juntos
give me,dame
only,único
let me,déjame
close,cerca
others,otros
is,sigue
large,grande
up,arriba
chief,jefe
speech,habla
I guess,supongo
way,manera
want,quieren
happy,feliz
means,significa
blood,sangre
end,fin
low,bajo
flame,llama
come,venir
die,morir
important,importante
did,hiciste
eyes,ojos
listening,escucha
enter,entrar
no,ningún
heart,corazón
hell,diablos
need,necesitamos
back,atrás
during,durante
say,dices
our,nuestros
person,persona
below,abajo
dr,dr
daughter,hija
leave,dejar
needs,necesita
get,llegar
I,hago
Mrs.,señora
has,haya
enough,suficiente
doctor,doctor
like,gustaría
land,tierra
face,cara
even,siquiera
brilliant,genial
cree,cree
supposed,supuesto
take,tomar
team,equipo
just,justo
game,juego
no,ninguna
kill,matar
five,cinco
say,dicen
master,amo
when,cuándo
small,pequeño
some,algunos
I know,conozco
class,clase
damn,maldito
some,unas
many,muchos
had,hubiera
second,segundo
although,aunque
can,pueda
tell me,dime
like,igual
food,comida
ay,ay
body,cuerpo
find,encontrar
strong,fuerte
return,vuelta
come,venga
believe,creer
reality,realidad
know,saben
bitch,puta
should,deberías
question,pregunta
I,fui
four,cuatro
Mrs.,sra
first,primer
work,trabajar
and,e
do,hagas
high,alto
damn,maldita
eat,comer
number,número
give,dar
need,necesitas
john,john
opportunity,oportunidad
point,punto
same,misma
last,última
out,afuera
women,mujeres
think,pensar
were,fueron
difficult,difícil
live,vivir
step,paso
bad,malo
were,estabas
live,vivo
do,haga
is,queda
children,hijos
higher,mayor
party,fiesta
do,hacen
medium,medio
some,algunas
just,basta
i,ei
weapon,arma
wine,vino
months,meses
fourth,cuarto
this,éste
school,escuela
is,esté
U.S. dollars,dólares
uncle,tío
possible,posible
I,tuve
easy,fácil
worry,preocupes
jack,jack
light,luz
were,eran
fuck,carajo
final,final
list,lista
is,trata
arms,armas
sister,hermana
exactly,exactamente
girls,chicas
could,podía
quite,bastante
security,seguridad
from,pasando
waiting,esperando
here,acá
phone,teléfono
dog,perro
fire,fuego
died,murió
neither,tampoco
one,sola
was,estuvo
see,verte
go,iré
had,tenido
fault,culpa
really,veras
where,adónde
looking,buscando
as,cuanto
Parents,padres
peace,paz
demons,demonios
will,estará
which,cual
forgiveness,perdón
so,asi
play,jugar
thinking,pensando
wait,esperar
know,sabemos
memory,recuerdo
pair,par
young,joven
follow,seguir
people,pueblo
have,tenga
gentlemen,caballeros
idiot,idiota
he,dio
minute,minuto
baby,bebé
only,única
away,lejos
our,nuestras
plan,plan
feed,pienso
sense,sentido
sleep,dormir
say,digas
word,palabra
correct,correcto
control,control
see,vemos
understand,entiendes
country,país
six,seis
last,último
this,ésta
say,diga
could,podrías
small,pequeña
shut up,cállate
treatment,trato
king,rey
happens,sucede
sam,sam
boys,muchachos
never,jamás
bed,cama
srta,srta
help,ayudar
about,acerca
di,di
change,cambio
lack,falta
hospital,hospital
has,lleva
president,presidente
thousand,mil
taste,gusto
know,conoces
saying,diciendo
you,os
gone,ido
general,general
strange,extraño
weeks,semanas
car,coche
worse,peor
much,mucha
sorry,disculpe
tell,diré
last night,anoche
lose,perder
let's go,vámonos
nave,nave
sky,cielo
will,habrá
order,orden
safe,segura
mistress,querida
girl,niña
michael,michael
incredible,increíble
also,además
be,deben
book,libro
street,calle
coffee,café
think,piensas
we,hacemos
special,especial
we,queremos
ia,ia
clark,clark
go,irme
perfect,perfecto
search,buscar
hatred,odio
think,piensa
office,oficina
talk,hablas
free,libre
agent,agente
york,york
call,llamar
bad,mala
back,detrás
dresses,viste
tell,dile
large,grandes
remember,recuerdas
real,real
were,estaban
mine,mía
front,frente
lost,perdido
call,llamo
dead,muertos
million,millones
murderer,asesino
dream,sueño
would,quisiera
would,habría
will,hará
trip,viaje
probably,probablemente
peter,peter
rest,resto
I will,estaré
curse,maldición
lament,lamento
boy,muchacho
plane,avión
clothing,ropa
force,fuerza
called,llamado
ear,oído
frank,frank
given,dado
above,encima
black,negro
use,usar
information,información
PC,uds
questions,preguntas
had,tuvo
secret,secreto
back,vuelve
look,miren
want,quieras
would,haría
just,acaba
other,otras
even,incluso
feel,sientes
should,deberíamos
beam,haz
tell,decirte
mouth,boca
pain,dolor
bath,baño
in,adentro
professor,profesor
room,habitación
damage,daño
yours,tuyo
be,seas
news,noticias
other,demás
dear,querido
hard,duro
put,poner
test,prueba
look,mire
fool,tonto
field,campo
be,siendo
ten,diez
that,ése
quiet,tranquilo
issue,asunto
ended,acabó
Stay,quédate
right,derecho
pleasure,placer
recalls,recuerda
I,estuve
trying,tratando
army,ejército
future,futuro
lead,llevar
company,compañía
been,venido
ready,listos
we,haremos
site,sitio
see,verlo
post,puesto
attention,atención
but,sino
change,cambiar
error,error
target,blanco
rare,raro
words,palabras
did,llegó
salt,sal
pass,pase
mind,mente
system,sistema
film,película
walk,anda
it,ello
business,negocio
bride,novia
permission,permiso
I thought,creí
sounds,suena
occurs,ocurre
official,oficial
wait,espere
air,aire
george,george
killed,mató
harry,harry
return,regresar
was,vio
do,hazlo
back,trasero
group,grupo
understood,entendido
Ms.,señorita
music,música
bitch,perra
known,conoce
start,empezar
feel,siente
just,acabo
stupid,estúpido
different,diferente
suit,traje
mode,modo
james,james
found,encontré
message,mensaje
call,llamada
Christmas,navidad
were,eras
penalty,pena
long,largo
enters,entra
floor,piso
photo,foto
said,dijeron
doctor,médico
accident,accidente
you were,fuiste
impossible,imposible
could,podríamos
line,línea
own,propia
ship,barco
win,ganar
normal,normal
second,segundos
lives,vive
half,mitad
want,quiera
after,tras
tell,decirle
cute,lindo
works,funciona
program,programa
I came,vine
opens,abre
are,sean
pay,pagar
photos,fotos
center,centro
is,supone
trash,basura
situation,situación
Top,mejores
are,vienen
love,encanta
husband,marido
personal,personal
teacher,maestro
hunger,hambre
attack,ataque
ass,culo
dale,dale
foot,pie
get,conseguir
working,trabajando
funny,gracioso
left,dejó
could,pudo
right,derecha
left,izquierda
next,próxima
poor,pobre
response,respuesta
type,tipos
feel,sentir
had,tenías
I,pude
give,darle
voice,voz
friend,amiga
like,gustan
view,vista
except,salvo
crazy,loca
hotel,hotel
did,hicieron
ten,ten
fear,temo
signal,señal
hair,pelo
took,llevo
yesterday,ayer
give,das
baby,nena
service,servicio
train,tren
tom,tom
nice,bonito
month,mes
will,tendrá
have,tendrás
age,edad
they,ellas
beautiful,hermosa
ben,ben
honor,honor
simply,simplemente
flames,llamas
have,tengas
runs,corre
low,baja
sun,sol
Sit,siéntate
are,dan
human,humano
funny,divertido
sex,sexo
turned,vuelto
danger,peligro
table,mesa
jimmy,jimmy
following,siguiente
Spoken,hablo
apology,disculpa
tell me,decirme
joe,joe
box,caja
business,negocios
mission,misión
silence,silencio
out,sale
come,llegado
would,estaría
return,regreso
average,media
are,estan
own,propio
charlie,charlie
gold,oro
immediately,enseguida
linda,linda
promise,prometo
husband,esposo
north,norte
was,hubo
I swear,juro
dead,muerta
interesting,interesante
thought,pensaba
search,busca
end,terminar
I will,tendré
completely,completamente
appointment,cita
seven,siete
birthday,cumpleaños
lawyer,abogado
around,alrededor
brain,cerebro
why,porqué
key,llave
holy,santo
beautiful,hermoso
necessary,necesario
building,edificio
go,irnos
even,aun
we,tendremos
go,vayas
I,doy
brings,trae
out,salió
law,ley
there,ahi
true,verdadero
fight,pelea
bank,banco
terrible,terrible
calm,calma
dinner,cena
give,daré
government,gobierno
buy,comprar
believe,creen
sergeant,sargento
destination,destino
bob,bob
there,existe
was,hacía
groom,novio
room,sala
through,través
gift,regalo
church,iglesia
said,decía
any,cualquiera
excellent,excelente
wait,esperen
desire,deseo
soul,alma
devil,diablo
leave,deje
how many,cuántos
sword,espada
were,estábamos
meat,carne
wonderful,maravilloso
lives,vidas
did,sucedió
I heard,oí
dangerous,peligroso
address,dirección
freedom,libertad
Jesus,jesús
occurred,ocurrió
see,veré
dreams,sueños
could,pudiera
detective,detective
surprise,sorpresa
yours,tuya
feet,pies
club,club
completed,terminado
hell,infierno
believed,creía
moon,luna
save,salvar
letter,carta
you,estés
heaven,cielos
lieutenant,teniente
is,encuentra
david,david
see,veamos
I wanted,quise
listen,escúchame
need,necesitan
both,ambos
decision,decisión
Rome,roma
enemy,enemigo
did,hicimos
ei,éi
sweet,dulce
testing,pruebas
wanted,querías
grandfather,abuelo
completely,totalmente
looking,mirando
be,vayan
race,carrera
flight,vuelo
before,ante
welcome,bienvenido
will do,harás
are,encontramos
found,encontrado
contact,contacto
position,posición
know,saberlo
planet,planeta
human,humanos
colonel,coronel
together,junto
would,diría
that,ésa
base,base
hear,oír
soil,suelo
fight,pelear
help,ayudarte
gun,pistola
cold,frío
commander,comandante
parts,partes
reaches,llega
see,verás
south,sur
go,iremos
time,rato
sea,mar
space,espacio
murder,asesinato
window,ventana
hurry,prisa
store,tienda
camera,cámara
can,puedas
by,según
joke,broma
meeting,reunión
awake,despierta
get,sacar
you,tí
second,segunda
paper,papel
madness,locura
department,departamento
horrible,horrible
ill,enfermo
wonder,pregunto
prison,cárcel
orders,órdenes
attempt,intento
island,isla
output,salida
called,llamó
back,volveré
used,usa
cat,gato
paul,paul
do,hagan
let,dejes
hurts,duele
come,vengan
crime,crimen
expected,esperaba
cause,causa
bar,bar
will be,seré
eight,ocho
early,temprano
river,río
relationship,relación
drugs,drogas
lights,luces
kidding,bromeando
hopefully,ojalá
talk,hablamos
works,trabaja
go,irse
books,libros
radio,radio
mary,mary
ray,ray
bill,bill
come,vienes
are,quedan
except,excepto
arm,brazo
take,tome
red,rojo
known,conocido
university,universidad
research,investigación
battle,batalla
rules,reglas
charge,cargo
home,hogar
none,ninguno
given,dieron
back,vuelva
know,sabías
respect,respeto
station,estación
court,corte
patient,paciente
meeting,encuentro
energy,energía
left,dejado
dance,baile
fbi,fbi
grandmother,abuela
hot,caliente
old woman,vieja
watching,viendo
see,veremos
ray,rayos
simple,simple
dance,bailar
potato,papa
sad,triste
area,zona
you will,serás
guard,guardia
song,canción
health,salud
listen,escuchar
stop,parar
mike,mike
will be,estarás
dine,cenar
max,max
soldiers,soldados
horse,caballo
will,serán
we,estaremos
Interested,interesa
fly,volar
principle,principio
level,nivel
calm down,cálmate
know,conocer
finally,finalmente
glad,alegro
below,debajo
could,podrían
forest,bosque
nice,bonita
bag,bolsa
puts,pone
taxi,taxi
busy,ocupado
friendly,amable
ryan,ryan
perhaps,acaso
stop,detente
fool,imbécil
St.,san
wrong,equivocado
living,viva
put,puso
work,obra
council,consejo
public,público
help me,ayúdame
animals,animales
blue,azul
dashing,apuesto
prison,prisión
look,mirar
intelligent,inteligente
meters,metros
fantastic,fantástico
next,próximo
playing,jugando
eye,ojo
out,salga
see,vea
call,llaman
entry,entrada
doubt,duda
beer,cerveza
together,unidos
murdered,matado
princess,princesa
lost,perdí
understand,entender
St.,santa
remain,quedar
thousands,miles
call,llamaré
companion,compañero
thought,pensado
back,espalda
left,dejé
pump,bomba
alex,alex
letters,cartas
just,apenas
read,leer
brethren,hermanos
me,darme
Daddy,papi
maintain,mantener
his,suyo
rich,rico
see,verla
read,lee
bobby,bobby
follow,sigues
touch,toca
Forget,olvídalo
action,acción
have,hayas
Gods,dioses
command,mando
let,dejaré
get,llegue
forms,formas
uh,uh
henry,henry
closes,cierra
ladies,damas
bridge,puente
memory,memoria
back,regresa
get moving,muévanse
seemed,parecía
dress,vestido
keys,llaves
TV,tv
truck,camión
end,acabar
robot,robot
was,llevó
pile,montón
you were,estuviste
machine,máquina
doors,puertas
we,podamos
dies,muere
drink,trago
most,mayoría
queen,reina
full,lleno
English,inglés
gift,don
soldier,soldado
star,estrella
listen,escuche
value,valor
I ask,pido
before,delante
code,código
hero,héroe
faith,fe
able,capaz
me,verme
drink,beber
speed,velocidad
give,darte
wear,llevas
game,partido
was,estuviera
tony,tony
lex,lex
day,dia
opinion,opinión
go,irte
kitchen,cocina
open,abrir
Dogs,perros
also,tambien
know,sepa
look,pareces
write,escribir
blow,golpe
tapeworm,tenia
high,alta
states,estados
touch,tocar
back,vuelvo
had,habían
win,ganas
make,hacerte
leave,dejo
back,volvió
example,ejemplo
robert,robert
count,contar
had,tenían
purpose,propósito
understood,entiende
begins,empieza
ring,anillo
London,londres
would,tendría
ask,pedir
style,estilo
help,ayudarme
track,pista
changed,cambiado
escape,escapar
usa,eeuu
found,encontró
spirit,espíritu
old,viejos
annoying,molesta
note,nota
difference,diferencia
treat,tratar
price,precio
knight,caballero
serves,sirve
happy,alegra
double,doble
nice,agradable
embargo,embargo
have,tengan
had,tuvimos
up,sube
are,estén
Mommy,mami
emergency,emergencia
neck,cuello
wedding,boda
learn,aprender
pete,pete
tea,té
report,informe
white,blanca
experience,experiencia
was,debía
have,podido
lie,mentira
director,director
kills,mata
exact,exacto
eddie,eddie
let,déjalo
defense,defensa
you had,tuviste
trust,confiar
color,color
bond,bond
give,hacerle
that,aquel
I met,conocí
test,probar
prince,príncipe
will,irá
Soio,sóio
ai,ai
slowly,despacio
shot,tiro
vacation,vacaciones
lost,perdió
background,fondo
chris,chris
green,verde
seem,parecen
breast,mama
welcome,bienvenida
option,opción
operation,operación
jim,jim
spoken,hablado
bring,traer
main,principal
demon,demonio
shoes,zapatos
leo,leo
anna,anna
respect,respecto
new,nuevos
species,especie
asked,pidió
success,éxito
bastard,cabrón
Look at me,mírame
legs,piernas
unit,unidad
ice,hielo
we,llegamos
let me,déjeme
ios,ios
I should,debí
will,vendrá
marriage,matrimonio
'd,habías
can,podrá
skin,piel
concerned,preocupa
stay,quedarme
mine,mio
had,tuviera
time,tiempos
richard,richard
who,quienes
hear,oiga
last,últimos
hear,oigan
we,fuimos
art,arte
needed,necesitaba
who,quiénes
common,común
trying,intentando
take,llevaré
Arise,levántate
run,correr
bright,brillante
heat,calor
plans,planes
dra,dra
visit,visita
pressure,presión
wall,pared
hope,esperanza
full,completo
upload,subir
tired,cansado
call,llame
remember,recordar
trap,trampa
monster,monstruo
lower,bajar
leg,pierna
Messrs.,señores
took,tomó
will,pasará
killed,mataste
grand,grandioso
partner,socio
wounded,herido
fell,cayó
forces,fuerzas
nick,nick
cinema,cine
scene,escena
aunt,tía
danny,danny
giving,dando
points,puntos
had,teníamos
left,dejaste
Move,muévete
long,larga
used,solía
topic,tema
prepared,preparado
depends,depende
police,policías
alone,solos
kill,matarme
mark,mark
put,pon
had,hubiese
baby,bebe
so,tanta
west,oeste
Paris,parís
wind,viento
young,jóvenes
me,hacerme
seat,asiento
carter,carter
Washington,washington
great,estupendo
walk,caminar
trial,juicio
believe,creerlo
load,carga
quiet,tranquila
band,banda
will,estarán
animal,animal
listen,escuchen
bush,bush
found,encontraron
let,dejas
card,tarjeta
going,ibas
you,podrás
nine,nueve
surely,seguramente
back,volverá
majesty,majestad
full,llena
fall,caer
airport,aeropuerto
go,vayamos
tommy,tommy
finish,acabado
I,sigo
enormous,enorme
area,área
move,muevas
have,haberlo
leave,dejen
ridiculous,ridículo
watch,reloj
do,hagamos
flowers,flores
map,mapa
guilty,culpable
accounts,cuentas
couple,pareja
taking,tomando
m,m
laboratory,laboratorio
kiss,beso
started,empezó
asked,pedí
nose,nariz
question,cuestión
ended,terminó
come,vengo
the,the
sorry,perdona
Remember,acuerdas
summer,verano
I prefer,prefiero
weight,peso
billy,billy
darkness,oscuridad
different,diferentes
customer,cliente
charles,charles
many,cuántas
TV,televisión
his,suya
press,prensa
johnny,johnny
look,vistazo
immediately,inmediatamente
only,solamente
fat,gordo
stay,quedarse
possibility,posibilidad
medicine,medicina
damn,malditos
pants,pantalones
killed,mataron
help,ayude
we,podremos
crazy,locos
names,nombres
superman,superman
seem,parecer
America,américa
definitely,definitivamente
tape,cinta
like,desea
arms,brazos
issues,asuntos
risk,riesgo
I heard,escuché
places,lugares
i,i
story,cuento
news,noticia
tell me,dígame
say,decirlo
rubbish,tonterías
feelings,sentimientos
target,objetivo
pass,pasada
fix,arreglar
married,casado
boat,bote
red,roja
laws,leyes
million,millón
tree,árbol
talk,hable
project,proyecto
nervous,nervioso
wool,lana
left,salido
piece,pedazo
bad,malas
fuck,joder
human,humana
absolutely,absolutamente
avoid,evitar
running,corriendo
bullet,bala
you,vosotros
after,despues
due,debido
confidence,confianza
especially,especialmente
try,intenta
small,pequeños
pay,paga
cattle,ganado
loves,ama
clean,limpio
start,comenzar
Angels,ángeles
robots,robots
take,lleve
noise,ruido
worry,preocupe
jason,jason
beauty,belleza
out,salgan
eat,come
will,verá
should,deberían
leader,líder
ask,preguntar
innocent,inocente
andy,andy
shame,lástima
network,red
disease,enfermedad
unfortunate,desgraciado
will,harán
teeth,dientes
killed,maté
central,central
please,ponte
happy,felices
I knew,supe
haberte,haberte
march,marcha
powers,poderes
'd,hubieras
justice,justicia
beauty,bella
give,dé
protect,proteger
hair,cabello
order,pedido
dark,oscuro
sarah,sarah
pregnant,embarazada
coast,costa
lady,dama
one,alguno
proud,orgulloso
you,vos
taken,tomado
say,digamos
had,debió
wins,gana
cure,cura
language,lengua
spider,araña
I can,podré
will,voluntad
total,total
finger,dedo
payment,pago
thank you,agradezco
from,partir
fight,lucha
milk,leche
luke,luke
gave,diste
cup,copa
stay,quedarte
Insurance,seguros
destroy,destruir
welcome,bienvenidos
are,llevan
jerry,jerry
put,ponga
sides,lados
access,acceso
parker,parker
try,intentar
brought,trajo
disaster,desastre
duty,deber
wound,herida
weak,débil
nature,naturaleza
fight,luchar
strange,extraña
found,encontraste
were,vieron
call me,llámame
image,imagen
bread,pan
mean,refieres
customers,clientes
several,varios
show,show
help,auxilio
hear,oyes
are,siguen
sitting,sentado
out,saliendo
responsible,responsable
Forgot,olvidado
was,quedó
allows,permite
that,aquella
put,puse
sound,sonido
would,quiso
written,escrito
car,carro
beautiful,preciosa
sample,muestra
bastard,bastardo
restaurant,restaurante
eggs,huevos
ghost,fantasma
same,mismos
professional,profesional
love,amas
integer,entero
movies,películas
closed,cerrado
fingers,dedos
continue,sigan
owner,dueño
knife,cuchillo
turn,turno
storm,tormenta
wow,caray
open,abierto
be,quede
true,verdadera
mato,mato
doc,doc
beach,playa
km,km
victory,victoria
cousin,primo
heard,oíste
smooth,lisa
interior,interior
acts,hechos
stone,piedra
fucking,jodido
military,militar
computer,computadora
love,encantaría
follow,siga
chair,silla
movement,movimiento
moments,momentos
family,familiar
apartment,apartamento
shoot,disparar
treasure,tesoro
perfect,perfecta
mean,refiero
reason,motivo
will,dará
new,nuevas
mr,mr
want,querer
kill,matarlo
brave,valiente
victim,víctima
will,tendrán
stupid,estúpida
sent,envió
steve,steve
delighted,encantado
daily,diario
open,abran
I felt,sentí
bus,autobús
brought,traído
homes,casas
hurry up,apúrate
find,encuentras
rest,descanso
sheriff,sheriff
mulder,mulder
moves,mueve
England,inglaterra
still,quieto
carl,carl
kill,matarte
streets,calles
size,tamaño
school,colegio
using,usando
out,cabo
video,video
touch,toques
ball,pelota
going,yendo
direct,directo
end,termine
living,vivos
hat,sombrero
I took,tomé
study,estudio
serious,grave
protection,protección
secrets,secretos
losing,perdiendo
chest,pecho
know,sepas
ill,enferma
slope,cuesta
black,negros
stars,estrellas
lake,lago
classes,clases
b,b
obviously,obviamente
immediate,inmediato
modes,modos
go,irás
theft,robo
kill,mataré
serious,seria
laura,laura
support,apoyo
close,cerrar
imagine,imagino
threat,amenaza
touch,toque
larry,larry
out,saca
Friday,viernes
have,hayan
broken,roto
lucy,lucy
pilot,piloto
mark,marca
combat,combate
I spoke,hablé
handle,manejar
section,sección
deep,profundo
many,tantos
knew,conocía
series,serie
ed,ed
contract,contrato
American,americano
ride,paseo
aircraft,aviones
bullets,balas
suddenly,repente
changes,cambia
troops,tropas
will,llevará
use,uso
you could,pudiste
stop,detener
susan,susan
wise,sabia
I,llegué
black,negra
decided,decidido
begins,comienza
distance,distancia
were,éramos
died,murieron
find out,averiguar
act,actuar
stay,quedo
pulse,pulso
hold,aguanta
official,oficiales
called,llamaba
enemies,enemigos
will,saldrá
concerned,preocupado
choice,elección
survive,sobrevivir
board,bordo
subject,sujeto
patients,pacientes
sorry,disculpen
time,época
entered,entró
Despite,pesar
spoke,habló
walter,walter
sell,vender
think,piensan
former,ex
free,gratis
disappeared,desapareció
employment,empleo
I called,llamé
know,conocen
pig,cerdo
can,puedan
understand,comprendo
volume,tomo
ends,termina
stay away,aléjate
Seeking,busco
happy,contento
date,date
grave,tumba
matt,matt
traces,huellas
bodies,cuerpos
absolute,absoluto
calls,pide
kent,kent
hard,dura
rest,descansar
answers,respuestas
property,propiedad
calling,llamando
asleep,dormido
castle,castillo
china,china
data,datos
tower,torre
steal,robar
American,americanos
ill,malos
bottle,botella
those,aquellos
lately,últimamente
witness,testigo
s,s
present,presento
newspaper,periódico
kate,kate
judge,juez
stories,historias
like,gustaba
believe me,créeme
need,necesitar
corner,esquina
miles,millas
Call,llamadas
source,fuente
know,conocemos
roof,techo
genius,genio
alert,alerta
Ideas,ideas
take,tomas
forget,olvidar
less,menor
drug,droga
explain,explicar
open,abierta
private,privado
members,miembros
joey,joey
national,nacional
like,gustó
ross,ross
discuss,discutir
evidence,evidencia
Details,detalles
c,c
afternoon,tardes
I will take,tomaré
present,presente
scott,scott
criminal,criminal
prize,premio
back,vuelvas
sit,siéntese
came,viniste
receive,recibir
look,mires
taking,teniendo
smells,huele
talk,hables
guards,guardias
in love,enamorado
care,cuidar
few,pocos
forgive,perdone
natural,natural
horses,caballos
listen,escucho
nurse,enfermera
angel,ángel
suspect,sospechoso
local,local
lie,mentiras
shirt,camisa
trusts,confía
accept,aceptar
revenge,venganza
lost,perdimos
few,cuantos
park,parque
games,juegos
chloe,chloe
live,vives
more,varias
would,harías
often,menudo
let me,déjenme
neighborhood,barrio
virus,virus
talent,talento
minister,ministro
do,hiciera
stole,robó
meet,conocerte
living,viviendo
responsibility,responsabilidad
breathe,respira
numbers,números
belongs,pertenece
breakfast,desayuno
dave,dave
champion,campeón
control,controlar
Mary,maría
snow,nieve
Mexico,méxico
howard,howard
days,dias
shame,vergüenza
Dr.,doctora
whites,blancos
smoke,fumar
we,llevamos
Europe,europa
I doubt,dudo
athena,athena
cake,pastel
stay,quedas
falls,cae
we saw,vimos
received,recibido
walk,andando
agents,agentes
you were,fueras
frightened,asustado
sorry,perdóname
kingdom,reino
key,clave
papers,papeles
killing,matando
jake,jake
effect,efecto
r,r
silver,plata
forgot,olvidé
iban,iban
universe,universo
policy,política
lunch,almuerzo
magic,magia
rain,lluvia
humor,humor
cars,autos
see,veía
so,tantas
breathe,respirar
sing,cantar
work,trabajas
julie,julie
shot,disparo
conversation,conversación
odor,olor
murderers,asesinos
girl,muchacha
model,modelo
jane,jane
course,curso
channel,canal
rock,rock
mourn,llorar
drunk,borracho
back,regresen
depart out,váyanse
was,sentía
result,resultado
william,william
stationary,parado
forget,olvides
look,mirada
useless,inútil
California,california
just,acabas
science,ciencia
lost,perdiste
society,sociedad
back,regrese
van,camioneta
pussy,coño
magazine,revista
seemed,pareció
mountain,montaña
wonderful,maravillosa
leave,dejarlo
maximum,máximo
cast,echar
current,corriente
listening,escuchando
apologies,disculpas
body,cadáver
we,seguimos
rum,ron
show,espectáculo
frodo,frodo
world,mundial
France,francia
tell,decirles
appearance,aspecto
presence,presencia
famous,famoso
short,corto
relax,relájate
powerful,poderoso
memories,recuerdos
I get,llego
road,carretera
I spent,pasé
I hear,oigo
hope,esperamos
heard,escuchado
cable,cable
pink,rosa
ball,bola
offer,oferta
helen,helen
try,intentarlo
been,habido
continue,continuar
rachel,rachel
thief,ladrón
humanity,humanidad
stomach,estómago
whole,entera
was,contó
putting,poniendo
market,mercado
farm,granja
Idiots,idiotas
talk,hablemos
student,estudiante
century,siglo
roger,roger
relations,relaciones
ias,ias
speak,hablan
adam,adam
we,nosotras
member,miembro
fortune,fortuna
free,libres
actions,acciones
expect,esperas
enough,suficientemente
led,llevaron
occurred,ocurrido
walk,andar
perfectly,perfectamente
pass,pasan
garden,jardín
tail,cola
results,resultados
French,francés
Trojan,troya
third,tercera
martin,martin
training,entrenamiento
doug,doug
sugar,azúcar
put,metido
help,ayudarlo
tell,diles
take,coger
Monday,lunes
and y,ey
new,new
intention,intención
back,volviendo
cash,efectivo
chicago,chicago
dei,dei
get out,salgamos
asked,preguntaba
forget,olvida
helicopter,helicóptero
Strong,fuertes
charming,encantador
original,original
chain,cadena
task,tarea
shoots,dispara
cutting,corta
peers,compañeros
surgery,cirugía
take off,quítate
wanted,querían
beautiful,precioso
lord,lord
sara,sara
started,comenzó
trick,truco
inspector,inspector
angry,enojado
congrats,felicidades
missing,desaparecido
act,acto
chicken,pollo
elizabeth,elizabeth
chocolate,chocolate
where,adonde
result,resulta
deserves,merece
gas,gas
review,examen
see,vean
silly,tonta
important,importantes
bet,apuesta
jean,jean
directly,directamente
recover,recuperar
get,pongo
arrived,llegaron
coward,cobarde
amount,cantidad
dirty,sucio
had,habia
emperor,emperador
monkey,mono
find,encontraremos
shoot,disparen
glory,gloria
contrary,contrario
relief,socorro
sir,sir
stairs,escaleras
seth,seth
steps,pasos
newly,nuevamente
rights,derechos
get,obtener
like,guste
search,búsqueda
ice,helado
football,fútbol
sexual,sexual
dust,polvo
assure,aseguro
face,rostro
stolen,robado
police,policia
company,empresa
listen,escuchas
put,pones
get out,lárgate
interest,interés
excuse me,discúlpeme
left,dejaron
we,tengamos
firm,firma
was,llevaba
get,llegas
Christ,cristo
third,tercer
senator,senador
continues,continúa
grace,gracia
hundred,cien
Texas,texas
jones,jones
des,des
treaty,tratado
reasons,razones
walking,caminando
emergency,urgencias
or,u
raymond,raymond
expected,esperan
wrist,muñeca
firm,firme
sleep,duerme
ambulance,ambulancia
clean,limpia
have,habéis
fleet,flota
legend,leyenda
find,encuentre
was,fué
Arthur,arturo
break,romper
dying,muriendo
find,encontrarlo
rescue,rescate
left,quedado
opposite,enfrente
beginning,comienzo
trees,árboles
x,x
cheese,queso
favorite,favorito
me,haberme
border,frontera
we,creemos
colleague,colega
Thursday,jueves
German,alemanes
shrek,shrek
Saturday,sábado
clean,limpiar
fucking,puto
little,poquito
hundreds,cientos
dying,muero
Iraq,irak
intelligence,inteligencia
function,funcionar
congratulations,felicitaciones
escaped,escapó
creature,criatura
miracle,milagro
fast,deprisa
special,especiales
camp,campamento
responds,responde
heard,escuchaste
You should,debiste
bye,adios
live,viven
collect,recoger
ask,preguntarte
shopping,compras
tired,cansada
will,will
choose,elegir
cancer,cáncer
serve,servir
leg,pata
escape,huir
useful,útil
degrees,grados
attack,atacar
sonny,sonny
just,recién
would,querría
handsome,guapo
scope,alcance
smith,smith
let me,dejame
were,quedamos
will,llegará
we,seremos
desert,desierto
t,t
license,licencia
fiona,fiona
treated,trató
process,proceso
been,llevado
sleeping,durmiendo
tension,tensión
Tuesday,martes
km,kilómetros
portfolio,cartera
traffic,tráfico
guard,guarda
impressive,impresionante
victims,víctimas
rich,ricos
first,primeros
we,dejamos
take,tomen
equal,iguales
Sunday,domingo
create,crear
be,quedará
loss,pérdida
extra,extra
was,fuese
I trust,confío
learned,sabido
analysis,análisis
did you,llegaste
cold,fría
violence,violencia
matt,mate
wolf,lobo
speech,discurso
actor,actor
sexy,sexy
pride,orgullo
hates,odia
pounds,libras
there,alli
agency,agencia
back,vuelvan
rose,rose
need,necesidad
ships,naves
discover,descubrir
strip,tira
solve,resolver
I will,pondré
flying,volando
we,pensamos
mine,míos
errors,errores
cellular,celular
vincent,vincent
few,cuantas
claire,claire
see,verlos
help,ayudarle
put,meter
speak,hablaré
this,ésto
daniel,daniel
looking,buscas
wrong,equivocada
leave,dejan
empty,vacío
worked,trabajaba
lounge,salón
motor,motor
lead,conducir
I bought,compré
perhaps,quizas
give,den
closed,cerrada
cut,cortar
ted,ted
creates,crea
will,sera
move,mueva
let me,hazme
brave,bravo
alan,alan
asked,pregunté
promise,promesa
mirror,espejo
tell,dígale
feel,sienta
medical,médicos
zero,cero
wrote,escribió
back,volveremos
units,unidades
check,cheque
get,consigue
old,antiguo
rule,regla
nightmare,pesadilla
send,enviar
could,podías
take,llevarte
coach,entrenador
care,cuida
patience,paciencia
say it,dilo
up,levanta
complicated,complicado
top,superior
suggest,sugiero
families,familias
tell,dirá
think,pienses
season,temporada
Loose,suelta
jackie,jackie
run,corran
own,propios
ugly,feo
ready,dispuesto
help me,ayúdenme
theory,teoría
wild,salvaje
negative,negativo
we,íbamos
had,hubieran
crew,tripulación
cup,taza
loss,perdida
came,vinieron
get,ponen
we,pasamos
like,parecido
brian,brian
I accept,acepto
gay,gay
cooper,cooper
ladies,señoras
stay,quedaré
stop,parada
girls,niñas
I got,conseguí
just,acabamos
normally,normalmente
lot,muchísimo
witch,bruja
vegas,vegas
had,tuvieron
bring,traigo
kill,matará
kevin,kevin
funeral,funeral
got,conseguiste
theater,teatro
paris,paris
midnight,medianoche
library,biblioteca
we,estemos
tunnel,túnel
order,encargo
appears,aparece
witnesses,testigos
thought,pensó
were,fueran
Ghosts,fantasmas
mail,correo
your,vuestro
pool,piscina
package,paquete
copy,copia
alice,alice
suicide,suicidio
molly,molly
credit,crédito
with him,consigo
carol,carol
your,vuestra
rare,rara
legal,legal
talk,hablaremos
changed,cambió
alone,solas
we,salimos
winner,ganador
students,estudiantes
awake,despierto
stop,pare
guest,invitado
guide,guía
bear,oso
read,leí
explosion,explosión
me,dejarme
Chinese,chino
stan,stan
lois,lois
surprising,sorprende
systems,sistemas
nation,nación
understand,entienden
sand,arena
liar,mentiroso
spoke,hablaba
see,veas
pure,pura
murdered,asesinado
lying,mintiendo
cases,casos
vehicle,vehículo
rat,rata
importance,importancia
different,distinto
painting,pintura
I tried,intenté
awareness,conciencia
view,miras
machines,máquinas
bring,traeré
revise,revisar
twenty,veinte
beings,seres
talk,hablarle
disk,disco
viktor,viktor
transport,transporte
mine,mina
lips,labios
lordship,señoría
call,llamamos
twelve,doce
beware,cuídate
corridor,pasillo
TV,tele
could,podria
complete,completa
Quick,rápida
precisely,precisamente
you called,llamaste
comply,cumplir
services,servicios
signals,señales
just,acaban
am,am
let go,suéltame
talk,hablarte
I tried,traté
fish,pescado
bones,huesos
would,daría
purchase,compra
brought,trajiste
temple,templo
plate,placa
possibilities,posibilidades
anger,ira
come,vengas
following,siguiendo
can,podrán
call,llamarme
some,cierta
allow,permitir
terms,condiciones
catch,atrapar
temperature,temperatura
explanation,explicación
envoy,enviado
Spot,contado
assistant,asistente
empire,imperio
asking,pidiendo
notes,notas
curious,curioso
operations,operaciones
hold,mantén
land,tierras
Believe,creas
fish,pez
die,morirá
vision,visión
mountains,montañas
jeff,jeff
d,d
eaten,comido
build,construir
community,comunidad
will,verán
lost,pierde
think,piense
happiness,felicidad
ee,ee
fun,diversión
saved,salvó
thomas,thomas
off,quita
museum,museo
shot,disparó
I would like,desearía
mystery,misterio
we,buscamos
notice,aviso
admiral,almirante
solution,solución
small,pequeñas
missing,faltan
there,existen
fuel,combustible
read,leído
pull,tirar
answer,responder
effort,esfuerzo
back,vuelves
uu,uu
bird,pájaro
sisters,hermanas
warrior,guerrero
handcuffs,esposas
coma,coma
open,abra
bring,traes
feel,sientas
rocky,rocky
Remember,olvide
joseph,joseph
pocket,bolsillo
wounds,heridas
bag,saco
gasoline,gasolina
connection,conexión
correct,correcta
pieces,pedazos
lines,líneas
'd,estarías
becomes,convierte
help,ayudará
course,rumbo
broke,rompió
dies,muera
mia,mia
material,material
diamonds,diamantes
quickly,rápidamente
look at you,mírate
date,fecha
desk,escritorio
say,digan
record,registro
kill,maten
fire,incendio
deme,deme
you are,sois
thinking,pensamientos
tell me,dímelo
eating,comiendo
apart,aparte
murders,asesinatos
roy,roy
lesson,lección
some,algun
coat,abrigo
treatment,tratamiento
July,julio
penis,pene
rabbit,conejo
happen,suceder
route,ruta
blind,ciego
disgusting,asqueroso
super,súper
prisoner,prisionero
hate,odie
occupied,ocupada
take,llevarlo
jenny,jenny
started,empezamos
emily,emily
ethan,ethan
were,estuvimos
tell,decírselo
oscar,oscar
honest,honesto
interview,entrevista
old,antigua
lover,amante
smoke,humo
like you,gustas
county,condado
achieved,conseguido
travel,viajar
shadow,sombra
know,sabrá
concerns,refiere
mess,lío
you are,estáis
delivery,entrega
Dracula,drácula
share,compartir
Angels,angeles
back,volvamos
smile,sonrisa
simple,sencillo
trapped,atrapado
boring,aburrido
few,pocas
thought,pensaste
dragon,dragón
anne,anne
I returned,volví
plant,planta
climate,clima
I love,adoro
soft,suave
Russian,ruso
lap,rodillas
marine,marina
bag,bolso
betty,betty
alarm,alarma
lived,vivía
stay,quédese
reward,recompensa
plays,juega
hollywood,hollywood
cigarette,cigarrillo
authority,autoridad
friends,amigas
hole,agujero
end,acabe
did you get,sacaste
proud,orgullosa
jackson,jackson
understood,entendí
said,dijera
basement,sótano
walls,paredes
beautiful,guapa
would,iría
imagine,imaginar
fever,fiebre
let,déjala
button,botón
ask,preguntarle
reading,leyendo
them,darles
uniform,uniforme
sweet,dulces
glass,vaso
documents,documentos
request,ruego
ways,maneras
king,king
guests,invitados
comfortable,cómodo
help,ayudarnos
visit,visitar
surveillance,vigilancia
swim,nadar
height,altura
still,todavia
prepared,preparados
gary,gary
which,cuáles
move,mover
player,jugador
left,izquierdo
Alexander,alejandro
technology,tecnología
race,raza
know,conocerlo
count,conde
social,social
governor,gobernador
take,coge
pedro,pedro
cover,cubierta
joke,chiste
cell,celda
grab,agarra
secret,secreta
personally,personalmente
miller,miller
friendship,amistad
loved,amaba
was born,nació
interested,interesado
tried,intentado
education,educación
curiosity,curiosidad
search,buscan
repeat,repito
sin,pecado
mortal,mortal
commands,manda
clearly,claramente
via,vía
together,juntas
identification,identificación
directed,dirige
statement,declaración
German,alemán
Fools,tontos
maintains,mantiene
beast,bestia
venom,veneno
neighbors,vecinos
know,supiera
want,quieran
I go,salgo
own,propias
Private,privada
jury,jurado
shock,golpes
use,usan
goals,metas
lenny,lenny
throat,garganta
winter,invierno
row,fila
ricky,ricky
honey,miel
bring,traigan
happened,sucedido
quiet,tranquilos
wood,madera
donkey,burro
artist,artista
sophie,sophie
poor,pobres
louis,louis
print,impresión
won,ganó
cross,cruzar
cigarettes,cigarrillos
scully,scully
or,ó
take,llevarme
Grail,grial
jacket,chaqueta
mayor,alcalde
turns,vueltas
used,usado
reputation,reputación
put,pongas
oxygen,oxígeno
boxes,cajas
concerned,preocupada
kill,matan
liz,liz
starting,empezando
heads,cabezas
get,ponerme
expert,experto
ocean,océano
teacher,maestra
ence,cia
piece,pieza
charges,cargos
pumps,bombas
alcohol,alcohol
was,trataba
out,salen
pizza,pizza
patrick,patrick
received,recibí
board,junta
creatures,criaturas
appeared,apareció
attitude,actitud
tour,gira
glass,cristal
bourne,bourne
amy,amy
are,encuentran
let,dejarte
fallen,caído
last,ultima
j,j
feeling,sensación
continued,seguido
pure,puro
whiskey,whisky
see us,vernos
screen,pantalla
drink,bebida
study,estudiar
shower,ducha
discharged,despedido
got,consiguió
coming,venía
pay,pagan
I'm sorry,discúlpame
article,artículo
apparently,aparentemente
both,ambas
trauma,trauma
put,pusieron
parties,fiestas
answers,contesta
happy,contenta
environment,ambiente
promised,prometí
coming,llegando
show,mostraré
be,deba
berlin,berlín
nervous,nerviosa
find,hallar
doubts,dudas
get,llegan
instructions,instrucciones
lower,baje
we came,vinimos
rate,ritmo
Stay,quédense
supposed,suponía
marcus,marcus
tracks,pistas
palace,palacio
gordon,gordon
find,encontraré
sale,venta
urgent,urgente
we,tomamos
I left,salí
rope,cuerda
would,vendría
passed,pasaba
time,instante
souls,almas
sufficient,suficientes
secondary,secundaria
jump,saltar
wanted,queria
stay,quedarnos
annoying,molesto
hill,colina
filth,porquería
dean,dean
feel,sienten
will,pondrá
terrorist,terroristas
I started,empecé
put,pongan
phoebe,phoebe
motorbike,moto
think,opinas
ability,habilidad
enter,entren
uncovered,descubierto
converted,convertido
sure,asegúrate
summer,summer
I was,quedé
kilos,kilos
Florida,florida
will,tomará
suffer,sufrir
mental,mental
achieve,lograr
institute,instituto
um,um
be,serlo
fast,rapido
dish,plato
in tears,llorando
vd,vd
go away,váyase
happening,sucediendo
stolen,robaron
Germany,alemania
balls,bolas
luthor,luthor
would,pasaría
occurs,ocurra
illegal,ilegal
fresh,fresco
false,falso
lawyers,abogados
take it,tómalo
sent,mandó
how,cuán
which,cuales
boots,botas
Sharks,tiburones
marissa,marissa
degree,grado
want,deseas
records,archivos
guess,adivina
cross,cruz
campaign,campaña
scared,asustada
cents,centavos
live,vivimos
cookies,galletas
frequency,frecuencia
damage,daños
mines,minas
emotions,emociones
will,dejará
back,regresó
rats,ratas
passion,pasión
julia,julia
joel,joel
get,hacerse
behavior,comportamiento
I thought,pense
knowledge,conocimiento
bin,bin
salts,sales
fiscal,fiscal
decisions,decisiones
criminal,criminales
cameras,cámaras
dawn,amanecer
became,convirtió
village,aldea
leave,abandonar
obvious,obvio
we,habíamos
sucks,apesta
abandoned,abandonado
return,volverás
worry,preocuparse
kim,kim
favorite,favorita
launch,lanzamiento
difficult,difíciles
lived,vivido
rock,roca
fish,peces
wonder,maravilla
space,espacial
conductor,conductor
comrade,camarada
worked,trabajado
wow,caramba
soup,sopa
number,numero
shout,gritar
sends,envía
casino,casino
Highness,alteza
karen,karen
identity,identidad
changes,cambios
save,guardar
cats,gatos
won,gané
arrest,arresto
they,éstas
asked,preguntó
they,éstos
likely,probable
we,seamos
mind,importaría
sign,firmar
federal,federal
faces,caras
work,trabajos
houston,houston
let's,hagámoslo
record,expediente
tiger,tigre
tried,intentó
fed up,harto
decide,decidir
newspapers,periódicos
marry,casarse
slow,lento
made,hecha
was,daba
simon,simon
get,ponerte
balls,pelotas
Monsters,monstruos
ie,ie
cruel,cruel
city,city
Misses,señoritas
giant,gigante
dick,dick
ages,siglos
ladder,escalera
incident,incidente
stage,escenario
say,dirás
some,ciertas
marry,casar
call,llamen
Bible,biblia
report,reporte
fashion,moda
married,casada
reaction,reacción
failure,falla
punishment,castigo
easily,fácilmente
hunting,caza
annie,annie
great,magnífico
I decided,decidí
walking,camina
surface,superficie
procedure,procedimiento
condition,condición
assault,asalto
virgin,virgen
see,verle
met,conocimos
remove,quitar
donna,donna
try,tratas
noble,noble
laden,laden
grass,hierba
excellence,excelencia
disgust,asco
white,white
title,título
return,regresaré
exercise,ejercicio
passport,pasaporte
foreign,extraños
hundred,ciento
lucky,afortunado
took,sacó
Iran,irán
priest,sacerdote
ask,pedirle
taxation,impuestos
crisis,crisis
adventure,aventura
to,to
posts,puestos
panic,pánico
oz,oz
call,llames
thieves,ladrones
taught,enseñó
we,logramos
were,estuvieron
last,últimas
page,página
metro,metro
grace,grace
enterprise,enterprise
Beyond,alla
could,pudieron
show,mostrar
write,escribe
advantage,ventaja
love,enamorada
boston,boston
usr,usr
fat woman,gorda
come,vendrán
stop,paren
xena,xena
stones,piedras
heavy,pesado
awakening,despertar
warren,warren
lose,pierdes
Christ,jesucristo
We,damos
thirty,treinta
remember,recuerde
earl,earl
capacity,capacidad
bear,soportar
senate,senado
grant,grant
decided,decidió
get ready,prepárense
scary,asusta
Achilles,aquiles
that,aquello
and,and
stand,aguantar
cohen,cohen
learned,aprendí
you have,tenéis
seems,parezca
joy,alegría
territory,territorio
physics,física
escape,escape
take,tomes
sandy,sandy
excuse,excusa
studies,estudios
arthur,arthur
shaw,shaw
September,septiembre
character,personaje
factory,fábrica
elected,elegido
cole,cole
tank,tanque
jumps,salta
spoke,hablaste
conference,conferencia
commitment,compromiso
help,ayudaré
out,salieron
Russian,rusos
look,parezco
carrying,llevando
outside,exterior
tip,punta
get,ponerse
pass,pasen
port,puerto
tell,decírtelo
expensive,caro
amazing,asombroso
pass,pasara
kill,matarán
suitcase,maleta
competition,competencia
Songs,canciones
miranda,miranda
belt,cinturón
saint,saint
potato,papas
framework,marco
destruction,destrucción
terry,terry
paradise,paraíso
goal,meta
alternative,alternativa
partners,socios
wings,alas
w,w
time,ocasión
marry,casarme
sauce,salsa
Roman,romano
prisoners,prisioneros
fogg,fogg
love,encantan
lovely,encantadora
commercial,comercial
spring,primavera
put,metió
luther,luther
johnson,johnson
back,volvemos
send,mandar
looks,luce
sacred,sagrado
born,nacido
fabulous,fabuloso
miss,echo
disappear,desaparecer
power,potencia
DNA,adn
bring,traiga
let me,permítame
more,mayores
gifts,regalos
put,pusiste
dangerous,peligrosa
military,militares
fucked,jodida
coincidence,coincidencia
flag,bandera
guess,adivinar
wilson,wilson
tube,tubo
game,partida
options,opciones
called,llamaron
shoulder,hombro
Vampires,vampiros
knew,sabían
received,recibió
marty,marty
Players,jugadores
celebrate,celebrar
cabinet,armario
tits,tetas
beating,paliza
flavor,sabor
watch it,míralo
can,lata
Heroes,héroes
aigo,aigo
snake,serpiente
I wrote,escribí
committee,comité
bless,bendiga
finished,terminé
heard,oyó
imagination,imaginación
worked,funcionó
beautiful,bello
liver,hígado
closure,cierre
cabin,cabina
wanted,queríamos
raisins,pasas
stay,mantente
Japan,japón
wishes,deseos
tell me,cuéntame
trace,rastro
bought,compró
previous,anterior
steel,acero
naked,desnudo
commissary,comisario
catherine,catherine
reinforcement,refuerzos
prepare,preparar
lost,perdidos
promissory note,pagaré
miami,miami
egg,huevo
entering,entrando
navy,armada
question,trate
knew,supo
kidding,bromeas
truly,verdaderamente
Napoleon,napoleón
I look,miro
limit,límite
hopefully,esperemos
taken,sacado
diamond,diamante
kidnapping,secuestro
helmet,casco
helped,ayudó
baby,nene
brands,marcas
francisco,francisco
could,pudieras
little,poca
juice,jugo
injured,heridos
congress,congreso
cemetery,cementerio
prostitute,prostituta
disappears,desaparece
impact,consecuencias
ground,terreno
bran,salvado
die,mueren
equally,igualmente
win,ganamos
circumstances,circunstancias
work,trabajamos
marie,marie
jill,jill
amen,amén
katie,katie
working,funcionando
evan,evan
personality,personalidad
wall,muro
answer,contestar
reason,razon
worst,peores
particular,particular
take me,llévame
gym,gimnasio
garfield,garfield
exciting,emocionante
misfortune,desgracia
scientific,científico
Search,buscado
buddy,buddy
v,v
therapy,terapia
prepared,prepara
phil,phil
patrol,patrulla
balloon,globo
clear,despejado
created,creado
learned,aprendido
I was born,nací
Lanning,lanning
ambassador,embajador
boats,barcos
likely,posiblemente
evil,malvado
bedroom,dormitorio
office,despacho
unpleasant,desagradable
coming,viniendo
Riddick,riddick
receipt,recibo
nuclear,nuclear
posts,mensajes
maintain,mantengan
last,ultimo
authorities,autoridades
stay,quedes
passed,pasaron
win,gano
help,ayudo
appreciation,aprecio
feeling,sentimiento
popular,popular
strange,extrañas
stop,detenerlo
civil,civiles
foolishness,tontería
Kings,reyes
American,americana
back,vuelven
windows,ventanas
shark,tiburón
seiya,seiya
fights,peleas
organization,organización
jedi,jedi
help,ayudarla
you had,tuvieras
sally,sally
want,querrás
want,querrá
kelly,kelly
infection,infección
Decent,decente
achieved,logrado
jersey,jersey
love,amar
wayne,wayne
equipment,equipos
sings,canta
Babies,bebés
well,pozo
India,india
expected,esperado
teach,enseñar
us,darnos
brown,brown
took,tomaste
Internet,internet
skills,habilidades
charm,encanto
fired,dispararon
understand,comprendes
Africa,áfrica
adorable,adorable
rich,rica
get,llegaremos
harold,harold
real,reales
same,mismas
media,medios
marijuana,marihuana
traitor,traidor
martha,martha
work,funcione
clinic,clínica
would rather,preferiría
could,podían
forgot,olvidó
fred,fred
we,entramos
Army,ejercito
division,división
sector,sector
loser,perdedor
pattern,patrón
find,encontrará
cream,crema
barry,barry
planned,planeado
hold,mantenga
toy,juguete
edward,edward
technique,técnica
birth,nacimiento
wait,esperaré
tim,tim
term,termino
plants,matas
entered,entrado
destroyed,destruido
give,daremos
circus,circo
lift,ascensor
andrew,andrew
here,aca
investigate,investigar
are,encuentren
archive,archivo
save,salve
present,presentar
achievement,logro
try,intentas
take care,encargaré
armed,armado
Bets,apuestas
maggie,maggie
arrested,arrestado
union,unión
remain,permanecer
Show me,muéstrame
mobile,móvil
louise,louise
John,juan
difficult,dificil
married,casados
barrel,cañón
bruce,bruce
court,tribunal
know,sepan
satellite,satélite
remember,recuerden
try,intentaré
false,falsa
coca,coca
black,black
symbol,símbolo
rocks,rocas
whores,putas
stupid,pendejo
kill him,mátalo
Jewish,judío
being,estando
subtitles,subtítulos
screaming,gritando
let,dejemos
scientists,científicos
drinking,bebiendo
serve,saque
Navorski,navorski
metal,metal
farewell,despedida
golf,golf
start,empiece
defend,defender
grow,crecer
rattan,rota
Sorry,sentimos
n,n
warriors,guerreros
check,echa
communication,comunicación
proven,probado
think,pensarlo
tell me,háblame
arrested,detenido
know,sabría
deaths,muertes
movements,movimientos
prohibited,prohibido
birds,pájaros
kane,kane
load,cargar
willie,willie
could,podíamos
junior,junior
imagery,imágenes
have,haberse
accused,acusado
fighting,peleando
loyalty,lealtad
considered,considera
hunter,cazador
search,buscarlo
off,apaga
object,objeto
sofa,sofá
personal,personales
mac,mac
homicide,homicidio
electricity,electricidad
warning,advertencia
hearsay,rumores
lie,mentir
look,fíjate
debt,deuda
jealous,celoso
bicycle,bicicleta
blue,azules
visits,visitas
improve,mejorar
shield,escudo
cave,cueva
Air,aérea
nathan,nathan
up,levantar
toys,juguetes
certainly,ciertamente
down,bajen
aaron,aaron
you,you
issues,temas
ask,pedirte
mcdonalds,mcdonalds
elegant,elegante
divorce,divorcio
deposit,depósito
concert,concierto
silent,calla
transmission,transmisión
kill,mataría
flower,flor
wyatt,wyatt
old,viejas
work,trabajan
wave,onda
we will,saldremos
asked,preguntado
breath,aliento
academy,academia
sound,sonar
receives,recibe
patio,patio
function,función
leads,conduce
benton,benton
ask,pregúntale
stick,palo
international,internacional
bone,hueso
heather,heather
slaves,esclavos
version,versión
sacrifice,sacrificio
Jews,judíos
incredible,increible
in,in
photography,fotografía
delicious,delicioso
crimes,crímenes
fox,zorra
valley,valle
take,llevaremos
slow,lentamente
Haunted,encantada
arrangement,arreglo
back,volvería
did,logró
romantic,romántico
worry,preocuparte
oblivion,olvido
fascinating,fascinante
table,cuadro
believed,creyó
adults,adultos
wow,wow
nephew,sobrino
sequence,secuencia
nicky,nicky
lead,lleven
huh,huh
Tickets,entradas
say,decirnos
resistance,resistencia
call,llamarlo
greene,greene
aid,ayudas
hopes,esperanzas
available,disponible
civil,civil
chaos,caos
audrey,audrey
Candles,velas
have it,tenerlo
put,ponerle
samples,muestras
logic,lógica
chance,casualidad
continue,sigamos
beam,rayo
duck,pato
paid,pagado
mask,máscara
like,gustado
get you,buscarte
jungle,selva
pm,pm
wrong,equivoqué
convicted,condenado
task,cometido
west,west
travis,travis
deal,tratan
we,pudimos
asking,preguntando
tragedy,tragedia
cop,poli
oliver,oliver
companies,compañías
chat,charla
gets,mete
damn,malditas
fields,campos
bodies,cadáveres
basically,básicamente
let's go,vamonos
Tricks,trucos
prepared,preparada
work,funcionará
I told,conté
counting,contando
construction,construcción
citizens,ciudadanos
grab,agarrar
unhappy,infeliz
French,francesa
explains,explica
decides,decide
sold,vende
routine,rutina
like,gustar
start,empieces
fall,caída
lunch,almorzar
activity,actividad
innocent,inocentes
funds,fondos
courage,coraje
helping,ayudando
land,aterrizar
performance,actuación
Vietnam,vietnam
up,suba
h,h
cynthia,cynthia
assistant,ayudante
flies,vuela
cow,vaca
dc,dc
surgeon,cirujano
uncle,tio
Forget,olvídate
okay,okay
deliver,entregar
enclosed,encerrado
blonde,rubia
kong,kong
jewelry,joyas
start,empecemos
buzz,buzz
beloved,amado
end,terminamos
Romans,romanos
piety,piedad
call,llamarte
did,hacían
fury,furia
detail,detalle
admit,admitir
would have,tendrías
breathing,respiración
get ready,prepárate
writing,escribiendo
confused,confundido
monitoring,vigilando
suffering,sufrimiento
regards,saludos
stole,robaste
l,l
hit,golpear
garage,garaje
seek,buscaré
revolution,revolución
motel,motel
sought,buscaba
alliance,alianza
otto,otto
stupidity,estupidez
fired,disparado
bleeding,sangrando
still,quietos
miserable,miserable
ideal,ideal
start,empiezo
controls,controla
promised,prometiste
heroin,heroína
started,empezado
Give it to me,dámelo
neighborhood,vecindario
employee,empleado
met,conociste
colors,colores
cerebral,cerebral
plastic,plástico
piano,piano
thought,pensamiento
lewis,lewis
letter,letra
staff,empleados
dose,dosis
dollar,dólar
benny,benny
Apollo,apolo
like,agrada
touched,tocado
uncles,tíos
super,super
rifle,rifle
resign,renunciar
including,incluyendo
hole,hoyo
Spanish,español
accepted,acepta
wheel,rueda
ammunition,municiones
cities,ciudades
baseball,béisbol
back,regresado
asked,pediste
ja,ja
session,sesión
understand,comprender
playing,tocando
mount,montar
ma,ma
family,familiares
spy,espía
effects,efectos
jump,salto
paid,pagó
impact,impacto
emotion,emoción
shooting,disparos
command,comando
authorization,autorización
information,informes
honestly,honestamente
existence,existencia
Too,demasiada
Car,coches
clear,clara
achieve,alcanzar
came back,volviste
Oct.,octubre
g,g
get,conseguimos
cheap,barato
bet,apostar
requires,requiere
matter,importan
grain,grano
too,demasiados
marry,casarte
bring me,tráeme
rick,rick
progress,progreso
hate,odias
occur,ocurrir
you did,hacías
you would,serías
secretary,secretario
Russia,rusia
think about,piénsalo
kitten,gatito
give me,déme
collection,colección
going,vais
been,sufrido
no,ningun
helena,helena
harris,harris
terror,terror
salvo,salva
leave,salgas
you out,sacarte
lance,lanza
used,usó
fifteen,quince
promised,prometido
accurate,preciso
pirate,pirata
park,park
moral,moral
currency,moneda
kyle,kyle
ago,hare
him,haberle
're,estuvieras
said,dijimos
falling,cayendo
low,bajas
come,viniera
dreaming,soñando
will,servirá
Moscow,moscú
minimum,mínimo
beautiful,hermosas
hidden,escondido
eric,eric
show,demostrar
puppy,perrito
jordan,jordan
try,intente
will,habrán
experiment,experimento
back,espaldas
design,diseño
bar,barra
old,anciano
carpet,alfombra
actress,actriz
tone,tono
sit,sentarse
remedy,remedio
lists,listas
gray,gris
sent,enviaron
got it,entendiste
enjoy,disfrutar
tell,contaré
eat,comen
sitting,sentada
ask,pregunte
Japanese,japonés
shouting,gritos
dollars,dolares
sure,asegurarme
remains,restos
piper,piper
I lose,pierdo
reasons,motivos
josh,josh
we,dimos
championship,campeonato
hurry up,apúrense
only,unico
laugh,reír
premium,prima
fagot,maricón
acts,actúa
journalist,periodista
fighting,luchando
stellar,estelar
writer,escritor
find,encontrarás
leaving,dejando
appropriate,adecuado
terrorist,terrorista
Lady,lady
iron,hierro
buried,enterrado
big,big
sincere,sincero
sharon,sharon
represents,representa
positive,positivo
deserve,mereces
Italy,italia
ugly,fea
zoom in,acerques
oil,petróleo
in charge,encargado
chapter,capítulo
show,enseñaré
stories,cuentos
brief,breve
Dare,atreves
climb,súbete
thirst,sed
pathetic,patético
show,mostrarte
doctors,doctores
character,carácter
yours,tuyos
square,plaza
bishop,obispo
need,necesite
move,muevan
involved,involucrado
frankie,frankie
will,darán
robin,robin
English,ingleses
using,usas
wheels,ruedas
practically,prácticamente
ears,orejas
hit,golpeó
side,costado
behavior,conducta
take,toman
rise,suban
medical,médica
apple,manzana
jonathan,jonathan
squadron,escuadrón
recognize,reconozco
orders,ordenes
chicken,gallina
changing,cambiando
edge,borde
attacks,ataques
present,actual
victor,víctor
polly,polly
sins,pecados
invite,invito
unconscious,inconsciente
bastards,bastardos
opened,abrió
shaun,shaun
heard,oyeron
trying,intentaba
barracks,cuartel
conscious,consciente
calm,tranquilízate
his,suyos
residence,residencia
maximum,máxima
take,llevarla
fat,grasa
cells,células
recede,retrocedan
reception,recepción
medicines,medicinas
exploit,explotar
crown,corona
shut up,callate
quality,calidad
help me,ayúdeme
murderess,asesina
absurd,absurdo
back,revés
product,producto
nancy,nancy
find,encontrarla
DJ,dj
rests,descansa
copies,copias
turn off,apagar
professional,profesionales
practice,práctica
investigating,investigando
frankly,francamente
calvin,calvin
Afghanistan,afganistán
neighbor,vecino
piece,trozo
take some,tómate
third,tercero
serve,sirven
take out,saquen
manual,manual
lights,enciende
close,cercano
dancing,bailando
back,atras
use,usarlo
phone,telefono
records,registros
put it,ponlo
pasta,pasta
arrive,lleguen
went out,saliste
know,sabrás
p,p
morgan,morgan
cleaning,limpieza
U.S.,estadounidense
angry,enojada
unfortunately,desafortunadamente
met,conoció
pint,pinta
kill,matamos
work,funcionan
cook,cocinar
top,cima
attractive,atractivo
ask,preguntes
need,necesitaré
get,lleguemos
interrupt,interrumpir
having,haberla
appropriate,apropiado
presentiment,presentimiento
try,intentamos
end,finales
avoid,evitarlo
send,enviaré
sport,deporte
down,bajando
dirty,sucia
received,recibimos
pills,pastillas
ceremony,ceremonia
tub,tina
spring,muelle
Cases,maletas
k,k
daughters,hijas
unknown,desconocido
will get,conseguiré
taylor,taylor
refuge,refugio
imagine,imagina
French,franceses
turn,convertirse
ruined,arruinado
vomit,vomitar
passengers,pasajeros
normal,normales
costume,disfraz
continue,continúe
arranged,arreglado
learn,aprende
come,venimos
have you,tenerte
will,seguirá
reasonable,razonable
setting,puesta
massage,masaje
tears,lágrimas
like,gustaria
foreign,extranjero
leave,dejaremos
carlos,carlos
surname,apellido
sheriff,alguacil
tracy,tracy
temporary,temporal
breaks,rompe
May,mayo
selfish,egoísta
oil,aceite
dishes,platos
Wednesday,miércoles
Indians,indios
we,decimos
Creasy,creasy
bags,bolsas
ad,anuncio
lying,tirado
noticed,notado
mutants,mutantes
imagine,imaginas
Room,habitaciones
Greece,grecia
I went,entré
tell,díselo
Caesar,césar
stanley,stanley
holly,holly
purchased,comprado
cocaine,cocaína
yellow,amarillo
end,acabará
happen,suceda
minds,mentes
evil,maldad
like,gustará
remove,eliminar
tie,corbata
burke,burke
trapped,atrapados
know,sabíamos
deserve,merezco
medal,medalla
did you,lograste
lionel,lionel
cage,jaula
gave,dió
driver,chofer
informed,informado
fox,fox
fatal,fatal
angry,enfadado
covered,cubierto
companion,compañera
round,ronda
regina,regina
cobra,cobra
singer,cantante
hug,abrazo
cards,tarjetas
sit,sentarme
referred,refería
indicates,indica
gravity,gravedad
winning,ganando
stupid,estúpidos
elections,elecciones
collar,collar
fifty,cincuenta
programs,programas
naturally,naturalmente
embassy,embajada
breakfast,desayunar
would,dejaría
monitors,vigila
want,quisieras
interests,intereses
hold on,agárrate
air,aéreo
betrayal,traición
continue,seguiré
wild,salvajes
preferred,prefiere
you can,podéis
noel,noel
die,mueres
disturb,molestar
Italian,italiano
leave,dejarla
hearts,corazones
find out,averiguarlo
bird,ave
fix,arreglarlo
warn,advierto
selling,vendiendo
public,pública
newman,newman
monk,monje
play,jugamos
talk,hablarme
choose,escoger
bier,andas
I saw,ví
teddy,teddy
peak,pico
I took,llevé
entered,entro
Tapeworms,tenias
priory,priorato
lose,perdemos
industry,industria
cretin,cretino
cafeteria,cafetería
cabin,cabaña
appear,aparecer
tradition,tradición
loose,suelto
advertising,publicidad
pairs,pares
ears,oídos
measure,medida
Japanese,japoneses
hitler,hitler
diet,dieta
layer,capa
will come,vendrás
synchronized,sincronizado
neil,neil
record,historial
script,guión
dwarf,enano
return,devolver
solitary,solitario
missile,misiles
hall,hall
naked,desnuda
bridget,bridget
brad,brad
cowboy,vaquero
only,únicos
back,trasera
healthy,sano
pieces,piezas
league,liga
manager,gerente
cindy,cindy
charity,caridad
armed,armados
brought,trajeron
religion,religión
jon,jon
photographs,fotografías
feel,sentirse
pray,rezar
protects,protege
prepare,preparen
nanny,niñera
orange,naranja
kill,matarnos
play,jugada
gandalf,gandalf
wait for me,espérame
show,enseñarte
rocket,cohete
tanks,tanques
shades,sombras
move,moverse
come,llegara
cut,cortó
close,cierren
back,volverán
use,usamos
know,sabremos
potter,potter
briefcase,maletín
language,lenguaje
jenna,jenna
invitation,invitación
change,cambian
Hostages,rehenes
margaret,margaret
freddy,freddy
find,encontremos
discovered,descubrí
audience,audiencia
Agenda,agenda
wallace,wallace
follow me,sígueme
sensitive,sensible
sammy,sammy
Rev.,reverendo
want,queréis
dex,dex
hunt,cazar
wedding,bodas
continue,seguiremos
roses,rosas
retirement,retiro
first,primeras
powerful,poderosa
matthew,matthew
should,deberia
singing,cantando
old,antiguos
fears,teme
smallville,smallville
follow me,síganme
moving,moviendo
youth,juventud
wrong,equivocas
workers,trabajadores
followed,seguí
saved,salvaste
lungs,pulmones
clown,payaso
hear it,oírlo
fame,fama
deception,engaño
district,distrito
apologize,disculparme
davis,davis
citizen,ciudadano
stealing,robando
luggage,equipaje
Science,ciencias
location,ubicación
federal,federales
try,tratamos
offers,ofrece
of,of
June,junio
extremely,extremadamente
acting,actuando
translation,traducción
did you know,supiste
out,sacarlo
preparing,preparando
mei,mei
letters,letras
typical,típico
reserve,reserva
proposal,propuesta
platform,plataforma
magician,mago
Online,linea
hank,hank
dude,dude
search,busque
snuff,tabaco
beginning,principios
lou,lou
asleep,dormida
cost,costó
cause,causar
fear,temer
up,subiendo
roll,rollo
ns,ns
spell,hechizo
worm,gusano
woof,guau
groups,grupos
discs,discos
wake up,despierte
st,st
happening,ocurriendo
schedule,horario
records,expedientes
sent,envié
drawings,dibujos
contest,concurso
colt,colt
highway,autopista
attacked,atacó
seller,vendedor
follow,sigas
rebels,rebeldes
radar,radar
Madame,madame
expression,expresión
listen,escuchan
carla,carla
use,use
was,resultó
Prince,principe
do,hágalo
greg,greg
exposure,exposición
too,demasiadas
caring,cuidando
landing,aterrizaje
want,apetece
took,tomaron
surprising,sorprendente
answer,responda
Forgot,olvidaste
Wolves,lobos
lying,echado
you should,deberias
cut,cortado
appointments,citas
open,abiertos
shoe,zapato
prisoner,preso
hurt,lastimar
explosives,explosivos
colleagues,colegas
telly,telly
knew,supieras
Secretary,secretaria
ones,queridos
die,morirás
mickey,mickey
leather,cuero
confession,confesión
circle,círculo
know,sabéis
chemistry,química
works,obras
Weep,llores
play,juegas
invisible,invisible
phase,fase
hides,esconde
Captain,capitan
adult,adulto
empty,vacía
sit,siéntense
pastor,pastor
arrival,llegada
jesse,jesse
trigger,gatillo
we should,debamos
phones,teléfonos
I took,saqué
back,regresará
forget,olvidaré
lucas,lucas
bounds,límites
girl,jovencita
hong,hong
drawing,dibujo
British,británico
balboa,balboa
psychiatrist,psiquiatra
objects,objetos
negotiate,negociar
hill,hill
form,formar
faithful,fiel
goddess,diosa
discovered,descubrió
wing,ala
April,abril
go out,saldré
mine,mías
enjoy,disfruta
meet,atender
take,tomaremos
samantha,samantha
rosie,rosie
ear,oreja
need,necesitaremos
engines,motores
intentions,intenciones
hannah,hannah
accomplished,cumplido
toast,brindis
villa,villa
throne,trono
bring,traen
thunderbird,thunderbird
sitting,sentados
samurai,samurai
out,salía
rare,raras
production,producción
average,medias
wash,lavar
jazz,jazz
extraordinary,extraordinario
caused,causado
angie,angie
snakes,serpientes
review,revisa
Stay,quedate
nerves,nervios
stable,estable
pigs,cerdos
risks,riesgos
spent,pasaste
michelle,michelle
mothers,madres
instinct,instinto
episode,episodio
started,empezaron
anniversary,aniversario
angela,angela
anderson,anderson
see,viera
travel,viajes
I worked,trabajé
rank,rango
concern,preocupación
Slip,métete
imagined,imaginé
we,hayamos
phenomenon,fenómeno
pain,dolores
demand,demanda
damien,damien
created,creó
ensure,asegurar
nightmares,pesadillas
denies,niega
nuisance,molestia
kirk,kirk
end,extremo
weakness,debilidad
compassion,compasión
trucks,camiones
about,aproximadamente
affects,afecta
administration,administración
recognition,reconocimiento
recently,recientemente
practice,practicar
miss,pierdas
gang,pandilla
Miss,miss
math,mates
shooting,disparando
British,británicos
help,ayudarlos
abby,abby
salary,sueldo
continued,siguió
meaning,significado
lies,miente
measures,medidas
guitar,guitarra
custody,custodia
Tickets,boletos
helped,ayudado
sydney,sydney
sit,sentarte
laughter,risa
burn,quemar
promised,prometió
observing,observando
reading,lectura
fuck you,jódete
considered,considerado
commit,cometer
changed,cambié
seating,asientos
wong,wong
shock,shock
satisfied,satisfecho
healthy,saludable
launch,lanzar
ken,ken
sheet,hoja
know,conozca
concept,concepto
hang,colgar
points,apunta
income,renta
prefer,prefieres
ask,pediré
noon,mediodía
influence,influencia
us,hacernos
figure,figura
test,ensayo
coordinates,coordenadas
married,casó
bart,bart
albert,albert
political,político
countries,países
eleven,once
kill,matarlos
karl,karl
graduation,graduación
sentence,frase
eternal,eterna
pregnant,estarlo
neglected,descuida
towel,toalla
next,próximos
coins,monedas
look,mirad
looked,miraba
jesus,jesus
Greek,griegos
famous,famosa
corridor,corredor
cross,atravesar
water,aguas
manners,modales
wars,guerras
eternity,eternidad
know,conocerla
charlotte,charlotte
seek,busquen
buck,buck
agrees,acuerda
feel,sentirme
ralph,ralph
burning,quema
poem,poema
ordered,ordenó
spiritual,espiritual
custom,costumbre
I started,comencé
goat,cabra
hire,alquiler
williams,williams
defeated,vencido
candle,vela
try,trataré
suspects,sospechosos
fifth,quinto
pilots,pilotos
philip,philip
lost,perdieron
norman,norman
josé,josé
generation,generación
training,formación
structure,estructura
concentrate,concéntrate
complex,complejo
voices,voces
Virginia,virginia
drinks,tragos
fear,temor
republic,república
resources,recursos
presentation,presentación
pyramid,pirámide
officially,oficialmente
makeup,maquillaje
bodyguard,guardaespaldas
listen,escucharme
leave,dejara
contains,contiene
blessing,bendición
your,vuestros
like,semejante
pay,pague
bother,molestes
culture,cultura
ate,comió
background,antecedentes
would,tendríamos
representative,representante
provided,prestado
possession,posesión
hear,oir
clouds,nubes
get you,meterte
gloves,guantes
expected,esperabas
teaches,enseña
meet,encontrarme
tips,consejos
back,regreses
worry,preocupen
guns,pistolas
jennifer,jennifer
win,gane
dana,dana
sos,sos
levels,niveles
lane,lane
won,ganaste
considering,considerando
capital,capital
change,cambie
encouragement,ánimo
use,utilizar
do,lograrlo
Take,llévate
glasses,gafas
spirits,espíritus
do,do
watson,watson
ruby,ruby
asked,preguntaste
pay,pagará
corn,maíz
ho,ho
parking,estacionamiento
contacts,contactos
needle,aguja
turner,turner
trains,trenes
stand,soporto
I will draw,sacaré
ear,oido
fortress,fortaleza
donald,donald
chorea,corea
talk,conversar
computers,computadoras
calm down,cálmese
wheel,volante
happen,sucederá
jessica,jessica
you said,decías
data,data
count,cuente
civilization,civilización
bastards,cabrones
ruin,arruinar
vampire,vampiro
touched,tocó
back,regresé
passes,pases
mitch,mitch
megan,megan
logan,logan
fantastic,fantástica
easy,facil
we were,estabamos
would,diera
stop,detenga
violation,violación
pam,pam
hemorrhage,hemorragia
bond,fianza
dozen,docena
penny,centavo
cell,célula
racing,carreras
silent,callado
knee,rodilla
Promise,prometes
deeply,profundamente
positions,posiciones
hicieras,hicieras
furious,furioso
woke up,desperté
eat,comes
blind,ciega
scar,cicatriz
beverages,bebidas
get close,acércate
shot,tiró
police,policial
walk,pasear
mass,masa
get,llegues
global,global
escaped,escapado
dinos,dinos
quarter,cuarta
goods,bienes
apparatus,aparato
steven,steven
support,sostén
do,realizar
let,permitiré
proud,orgullosos
cut,corten
commission,comisión
glass,vidrio
dam,presa
occupied,ocupados
morphine,morfina
would,habrían
column,columna
removed,sacaron
legs,patas
hear,oírme
hide,ocultar
objection,objeción
myers,myers
handles,maneja
long,largas
generally,generalmente
sources,fuentes
cover,cubrir
attacks,ataca
tennis,tenis
Saints,santos
potential,potencial
plane,plano
murphy,murphy
east,levante
scale,escala
face,enfrentar
how,cuánta
surplus,sobra
rumor,rumor
pages,páginas
organs,órganos
lion,león
enter,entras
said,decían
Chinese,chinos
Witches,brujas
barbara,barbara
I admire,admiro
vote,voto
back,volvieron
release,suelte
challenge,reto
metes,metes
infarct,infarto
which,cuyo
built,construyó
ticket,boleto
kiss,besar
portal,portal
we,ponemos
mount,monte
discussion,discusión
worthy,digno
want,desean
be,darse
consider,considerar
banks,bancos
potion,poción
Forgive,perdóneme
thought,pensabas
monica,mónica
generous,generoso
statue,estatua
convince,convencer
known,conocida
begin,comenzamos
accepted,aceptado
woody,woody
rob,rob
paige,paige
import,importar
gabrielle,gabrielle
failure,fracaso
some,ciertos
firefighters,bomberos
zeh,zé
surprised,sorprendido
protected,protegido
has,presenta
got,metí
understand,entenderlo
stop,detengan
conflict,conflicto
codes,códigos
dry,seco
knowing,sabiendo
make,hacerla
green,green
serious,graves
leave,dejarás
convinced,convencido
includes,comprende
joking,bromas
yeah,yeah
hear,oyen
bother,moleste
mention,mencionar
expenses,gastos
would,estaríamos
wait,esperaremos
find,encontrarán
bills,billetes
arc,arco
high,altos
actors,actores
maybe,talvez
sites,sitios
Yours,saluda
complaints,quejas
planning,planeando
die,moriremos
sissy,marica
would have,habrías
would,estarían
will,dejarán
castle,castle
lovers,amantes
used,acostumbrado
tyler,tyler
tournament,torneo
planes,planos
command,ordeno
morris,morris
I looked,miré
Curse,maldicion
kg,kg
say,dirías
confirmed,confirmado
cattle,vacas
OR,quirófano
put,ponerlo
origin,origen
fusion,fusión
be,deberá
true,verdaderos
would,serían
was,seguía
know,sabrán
passage,pasaje
needs,necesidades